SNo,ON/OFF,Switch_sequence,Trigger_sequence,Overall_MFE,Bottom_region_MFE,RBS_linker_MFE,Net_MFE,Freq_MFE_struct,Overall_SH_37
1,292,GGGUGAAUGAAUUGUAGGCUUGUUAUAGUUAUGAACAGAGGAGACAUAACAUGAACAAGCCUAACCUGGCGGCAGCGCAAAAGAUGCGUAAA,GGGACCGUGGACCGCAUGAGGUCCACGGUAAACAUAACUAUAACAAGCCUACAAUUCAUUCAAAC,-25.9,-21.1,-10.3,31.7,0.135734,0.845633
2,279.6,GGGUAUAAGUAAAUCGCUUGCUGUAUGUCGUUAAACAGAGGAGAUAACGAAUGACAGCAAGCAACCUGGCGGCAGCGCAAAAGAUGCGUAAA,GGGAUGCCCGUAGUUCAUUCUACGGGCAUGAAUAACGACAUACAGCAAGCGAUUUACUUAUACUA,-26.6,-20.9,-8.7,35.3,0.0704422,1.32537
3,265.3,GGGUGAUGGAAUAAGGCUGUGUAUAUGAUGUUAGACAGAGGAGAUAACAUAUGAUACACAGCAACCUGGCGGCAGCGCAAAAGAUGCGUAAA,GGGUCAGUUCCUGAGGUACCAGGAACUGAAACUAACAUCAUAUACACAGCCUUAUUCCAUCACAC,-24.9,-19.9,-6.4,36.9,0.0787796,1.0732
4,264.6,GGGAAUUGAUAUUGUGAUUAUGUGAUGAUUGUAAACAGAGGAGAUACAAUAUGCACAUAAUCAACCUGGCGGCAGCGCAAAAGAUGCGUAAA,GGGACAUACGGACUCACGUGUCCGUAUGUCAAUACAAUCAUCACAUAAUCACAAUAUCAAUUACU,-21.5,-17.2,-8.2,30.9,0.0580328,0.764909
5,253,GGGUAGAUAUUGAAUGCUGCUGUUAUGUCGUUAAACAGAGGAGAUAACGAAUGAACAGCAGCAACCUGGCGGCAGCGCAAAAGAUGCGUAAA,GGGACGCGAAAUGCUAUUCCAUUUCGCGUGACUAACGACAUAACAGCAGCAUUCAAUAUCUAAAC,-28.9,-23.2,-9.3,30.2,0.212414,0.654709
6,219.8,GGGAUAAGUAGAUAAGAUUGUUAGAUGGCUUCGAACAGAGGAGACGAAGCAUGCUAACAAUCAACCUGGCGGCAGCGCAAAAGAUGCGUAAA,GGGUCGUGCGCUCUGAGCCGAGCGCACGAGAACGAAGCCAUCUAACAAUCUUAUCUACUUAUCAC,-25.5,-16.1,-10.6,37.8,0.105809,0.618742
7,213.3,GGGAUCACUUAUUGUCGUCUUUGUAUGUCUGUAAACAGAGGAGAUACAGAAUGACAAAGACGAACCUGGCGGCAGCGCAAAAGAUGCGUAAA,GGGACGUCGAUUCACCGUCGAAUCGACGUAGAUACAGACAUACAAAGACGACAAUAAGUGAUAGA,-26.2,-19.6,-5.9,29.3,0.0622928,0.905397
8,200.8,GGGACAAAGAUUGGUCGUUUCAUUACCGUUAGAAACAGAGGAGAUCUAACAUGAAUGAAACGAACCUGGCGGCAGCGCAAAAGAUGCGUAAA,GGGACUCCAGGCGGAAUAACGCCUGGAGUAAAUCUAACGGUAAUGAAACGACCAAUCUUUGUAUG,-24.4,-19.1,-6,31.7,0.089363,0.492181
9,194.4,GGGCGAAAGUGUAUGGCUGAUAUGAUGUAGUUAAACAGAGGAGAUAACUAAUGCAUAUCAGCAACCUGGCGGCAGCGCAAAAGAUGCGUAAA,GGGUCGCACGGUUCCGCCUAACCGUGCGAGAAUAACUACAUCAUAUCAGCCAUACACUUUCGAAC,-28.7,-24.2,-9.3,32.9,0.318433,0.399154
10,192.4,GGGAAUUGAUAUUGUUCGUUUCGUAUGAUCUAAGACAGAGGAGAUUAGAUAUGACGAAACGAAACCUGGCGGCAGCGCAAAAGAUGCGUAAA,GGGACAUACGGACUCACGUGUCCGUAUGUAACUUAGAUCAUACGAAACGAACAAUAUCAAUUACU,-23.3,-18.1,-5.9,28.8,0.0467617,0.920947
11,181.2,GGGUAAGAUUUGAUGGCUAUUUGUACGUGUUCGAACAGAGGAGACGAACAAUGACAAAUAGCAACCUGGCGGCAGCGCAAAAGAUGCGUAAA,GGGACCAUUCGCCCUACUUGGCGAAUGGUAAGCGAACACGUACAAAUAGCCAUCAAAUCUUAACU,-23.8,-16.5,-6.3,31.9,0.0502973,0.983011
12,169.9,GGGAAUUGGAUGAAGGCGGUAAGUAUGAUUGUAGACAGAGGAGAUACAAUAUGACUUACCGCAACCUGGCGGCAGCGCAAAAGAUGCGUAAA,GGGUCCAGUCUAGACUGACCUAGACUGGACAAUACAAUCAUACUUACCGCCUUCAUCCAAUUACU,-25.3,-20.3,-11.7,38.5,0.0627307,0.76829
13,155.3,GGGUAGAAUUUGAUACUUGAUUUGAUGGCUUGAAACAGAGGAGAUCAAGCAUGCAAAUCAAGAACCUGGCGGCAGCGCAAAAGAUGCGUAAA,GGGUCUAAUGCGAGUAAAGUCGCAUUAGAAUAUCAAGCCAUCAAAUCAAGUAUCAAAUUCUAAAG,-23.6,-15.3,-8,31.9,0.0688255,0.926356
14,153.4,GGGAAUUGAUAUUGUAGUAUGUUGAAGUGAUUGAACAGAGGAGACAAUCAAUGCAACAUACUAACCUGGCGGCAGCGCAAAAGAUGCGUAAA,GGGACAUACGGACUCACGUGUCCGUAUGUCAGCAAUCACUUCAACAUACUACAAUAUCAAUUACU,-23.3,-17.2,-7.3,29.8,0.0776216,0.703657
15,124.7,GGGCGUUAUACUUUGUCGUUCUGCGUGUCGUUAAACAGAGGAGAUAACGAAUGGCAGAACGAAACCUGGCGGCAGCGCAAAAGAUGCGUAAA,GGGACUGAGGUACCUCGAAGUACCUCAGUAGAUAACGACACGCAGAACGACAAAGUAUAACGAAA,-30.5,-24.4,-9.5,32.1,0.271345,0.56087
16,123.2,GGGUAAGAAUGAUAAAGGUAAGUAGUGAGUUGAAACAGAGGAGAUCAACUAUGUACUUACCUAACCUGGCGGCAGCGCAAAAGAUGCGUAAA,GGGCCAUGACUCCUAAUUCGGAGUCAUGGAAAUCAACUCACUACUUACCUUUAUCAUUCUUACUU,-23.4,-17,-8.6,37.3,0.0886257,0.86632
17,122.6,GGGCGAUAAAGACUGAGGCUGGGUAUGGUUAGAAACAGAGGAGAUCUAACAUGACCCAGCCUAACCUGGCGGCAGCGCAAAAGAUGCGUAAA,GGGCCUCGACGUUCGUGAUAACGUCGAGGCAAUCUAACCAUACCCAGCCUCAGUCUUUAUCGCAA,-32.3,-26.2,-12.1,41.6,0.198658,0.738002
18,115.1,GGGAUAGAUGAUUGUGCUUAGUUUAUGAUUCUGAACAGAGGAGACAGAAUAUGAAACUAAGCAACCUGGCGGCAGCGCAAAAGAUGCGUAAA,GGGACAUCCUAAGUUGACUCUUAGGAUGUAAACAGAAUCAUAAACUAAGCACAAUCAUCUAUACA,-23.2,-17.3,-6.3,30.9,0.0701492,0.970571
19,103.5,GGGAUAAUGAUGAUGAGUAUGUUGAAGGUGUAAGACAGAGGAGAUUACACAUGCAACAUACUAACCUGGCGGCAGCGCAAAAGAUGCGUAAA,GGGUCGUGUGAUGCUAUCUCAUCACACGACAAUUACACCUUCAACAUACUCAUCAUCAUUAUCAC,-23.2,-16.2,-7.3,35.6,0.100442,0.864698
20,101.9,GGGCGUUAAUCUCUGGCUUGCUUUAUGUCUGUAAACAGAGGAGAUACAGAAUGAAAGCAAGCAACCUGGCGGCAGCGCAAAAGAUGCGUAAA,GGGUCAUGACUGGGACACGCCAGUCAUGAGAAUACAGACAUAAAGCAAGCCAGAGAUUAACGAAG,-29.1,-22.5,-8.7,32.9,0.270776,0.665256
21,86.6,GGGUAAAGAUGAAACGCGUGAAUGAUAGUAUUGAACAGAGGAGACAAUACAUGCAUUCACGCAACCUGGCGGCAGCGCAAAAGAUGCGUAAA,GGGUCACCUCCAGGCACGACUGGAGGUGAAUACAAUACUAUCAUUCACGCGUUUCAUCUUUACUU,-24.7,-19.7,-10.2,37.7,0.0847856,0.905938
22,83.1,GGGCAUUAAGAUUGUACUUGUAAGAUCGUGUCGAACAGAGGAGACGACACAUGCUUACAAGUAACCUGGCGGCAGCGCAAAAGAUGCGUAAA,GGGACCUAGCGGAGCGCAGUCCGCUAGGUAAACGACACGAUCUUACAAGUACAAUCUUAAUGAAA,-27.8,-19.1,-9.3,31.6,0.114067,0.631453
23,75.2,GGGUAUGAAUUGAUGUCGAUUGUUAUGUCUUGAGACAGAGGAGAUCAAGAAUGAACAAUCGAAACCUGGCGGCAGCGCAAAAGAUGCGUAAA,GGGACCCGACCGCGUCCUGGCGGUCGGGUAAAUCAAGACAUAACAAUCGACAUCAAUUCAUACUA,-23.3,-16,-6.6,35.1,0.0544642,1.04183
24,74.8,GGGUAAAGAUGAGAACGCUUGUGAAUGAUGUGAAACAGAGGAGAUCACAUAUGUCACAAGCGAACCUGGCGGCAGCGCAAAAGAUGCGUAAA,GGGUCGGGACACGGGCAUACGUGUCCCGACAAUCACAUCAUUCACAAGCGUUCUCAUCUUUACUU,-26.3,-19.9,-8.2,37.4,0.0835845,0.849148
25,72.6,GGGUGAUAGAUGAAGGCAGGCGUUAUAGUUUAGAACAGAGGAGACUAAACAUGAACGCCUGCAACCUGGCGGCAGCGCAAAAGAUGCGUAAA,GGGUCGUGGGCCUGCCUAAAGGCCCACGAGAACUAAACUAUAACGCCUGCCUUCAUCUAUCAAAC,-27.7,-23.1,-12.8,38.8,0.076918,1.16041
26,68.2,GGGUAAGUAAUGAAGUCUAAGUGUAUCGUGUCGGACAGAGGAGACGACACAUGACACUUAGAAACCUGGCGGCAGCGCAAAAGAUGCGUAAA,GGGACGAACUUGAUCAAAUUCAAGUUCGUAAACGACACGAUACACUUAGACUUCAUUACUUACAU,-27.4,-17.5,-5.9,32.9,0.106566,0.738543
27,67.3,GGGAUAGAAUUAGAAAUGAAAUAGAUGGUUACGAACAGAGGAGACGUAACAUGCUAUUUCAUAACCUGGCGGCAGCGCAAAAGAUGCGUAAA,GGGUCGCUUGUACUCUUGCGUACAAGCGAAAGCGUAACCAUCUAUUUCAUUUCUAAUUCUAUCUA,-21.2,-14,-7.9,36.2,0.0867229,0.891605
28,66.9,GGGAUAGAAAUUGAUCGUUAGUUUAUGUUGCCGGACAGAGGAGACGGCAAAUGAAACUAACGAACCUGGCGGCAGCGCAAAAGAUGCGUAAA,GGGUAUCUACUCGACUUCGCGAGUAGAUAAAGCGGCAACAUAAACUAACGAUCAAUUUCUAUAAC,-27.5,-16.7,-7.3,28.3,0.1193,0.813181
29,63.1,GGGAGUUUGAAUAUGGCGAAAUGAAUGCUUUGAAACAGAGGAGAUCAAAGAUGUCAUUUCGCAACCUGGCGGCAGCGCAAAAGAUGCGUAAA,GGGACGAGAGCUCCUAGCAGAGCUCUCGUAUAUCAAAGCAUUCAUUUCGCCAUAUUCAAACUAAC,-23.7,-18.1,-11.6,36.8,0.0647054,1.00965
30,63,GGGUAAAGAUGAUAAGAUGUGAGUAAGGUAGUAAACAGAGGAGAUACUACAUGACUCACAUCAACCUGGCGGCAGCGCAAAAGAUGCGUAAA,GGGCACGACUAGAAACCGAUCUAGUCGUGCAAUACUACCUUACUCACAUCUUAUCAUCUUUACUU,-25.5,-19.2,-8,35.1,0.114478,0.74936
31,62,GGGAUCUAAAUGUAUUCGUUCGUUAUGGUAUUGAACAGAGGAGACAAUACAUGAACGAACGAAACCUGGCGGCAGCGCAAAAGAUGCGUAAA,GGGCGUCGCUGUUCGGGUAAACAGCGACGGAACAAUACCAUAACGAACGAAUACAUUUAGAUACU,-24.3,-18.7,-5.9,27.8,0.0648199,0.939336
32,59.4,GGGUCAAUUUCGUAUUAGUAUGUUAUGGUUCUGAACAGAGGAGACAGAACAUGAACAUACUAAACCUGGCGGCAGCGCAAAAGAUGCGUAAA,GGGACUCGGUCUCUAUGUCGAGACCGAGUAAACAGAACCAUAACAUACUAAUACGAAAUUGAAGC,-24.6,-16.9,-5.9,27.9,0.0577206,1.08767
33,58.5,GGGAAUUUGGAAGUAGAGUAGUAGAUAGUUAUGAACAGAGGAGACAUAACAUGCUACUACUCAACCUGGCGGCAGCGCAAAAGAUGCGUAAA,GGGCAGAGCGGUCUGUUUCGACCGCUCUGAAACAUAACUAUCUACUACUCUACUUCCAAAUUCUA,-24.1,-19.1,-9.5,37.9,0.0467114,0.907561
34,57.1,GGGAGUAAUGAUGAUAUAGUUUGAAUGUAGUGAAACAGAGGAGAUCACUAAUGUCAAACUAUAACCUGGCGGCAGCGCAAAAGAUGCGUAAA,GGGACCGUCACCCUACAUCGGGUGACGGUAAAUCACUACAUUCAAACUAUAUCAUCAUUACUAAC,-22.3,-15.7,-7.3,31.8,0.0655373,0.889713
35,53.9,GGGAUAAUGGAGAUGGAGUAGGGUAUGAUUGUAGACAGAGGAGAUACAAUAUGACCCUACUCAACCUGGCGGCAGCGCAAAAGAUGCGUAAA,GGGCCUAGAAACUGUACGAAGUUUCUAGGCAUUACAAUCAUACCCUACUCCAUCUCCAUUAUCUU,-26.4,-21.4,-7.8,39.1,0.0456872,0.679859
36,53.4,GGGAUGAAUAUGGACAGUUGAGUAGUGAUGUGAAACAGAGGAGAUCACAUAUGUACUCAACUAACCUGGCGGCAGCGCAAAAGAUGCGUAAA,GGGAGUCAGGACCGCAUCAGGUCCUGACUAAAUCACAUCACUACUCAACUGUCCAUAUUCAUCUU,-25.2,-18.6,-8.1,40.7,0.148109,0.427549
37,52.7,GGGAUGGAGAUUGAUUAUGAUUGGAUGUGCUUAAACAGAGGAGAUAAGCAAUGCCAAUCAUAAACCUGGCGGCAGCGCAAAAGAUGCGUAAA,GGGUCGACCGCUCCUGCUCGAGCGGUCGACAAUAAGCACAUCCAAUCAUAAUCAAUCUCCAUAAC,-23.6,-17.1,-11.3,38.5,0.0595038,1.01708
38,51,GGGAGUAAGAAUUGUGAUAAAGUAAUGUGCGUGAACAGAGGAGACACGCAAUGUACUUUAUCAACCUGGCGGCAGCGCAAAAGAUGCGUAAA,GGGUCACGGAGCGGAUUUGCGCUCCGUGAGAACACGCACAUUACUUUAUCACAAUUCUUACUUCA,-25.9,-16.4,-8,34.9,0.119687,0.803986
39,48.7,GGGUAAGAUGAUAAGAGUAUAGAUAUGUUGAUGGACAGAGGAGACAUCAAAUGAUCUAUACUAACCUGGCGGCAGCGCAAAAGAUGCGUAAA,GGGAGCGGGUGACCGGUUCGUCACCCGCUAAACAUCAACAUAUCUAUACUCUUAUCAUCUUACAC,-22.6,-15.3,-6.9,35,0.0906128,0.852393
40,48.6,GGGAUAUGAUGAUGAACCUUUGAUAUGGAUUUGGACAGAGGAGACAAAUCAUGAUCAAAGGUAACCUGGCGGCAGCGCAAAAGAUGCGUAAA,GGGACGCAAAGUGGUCCAGCACUUUGCGUAUACAAAUCCAUAUCAAAGGUUCAUCAUCAUAUAGC,-23.4,-16.6,-7.1,31.8,0.132229,0.77167
41,48.3,GGGAAUAGUAAAUGUCGAUGUGCUGUGUAGUUAAACAGAGGAGAUAACUAAUGAGCACAUCGAACCUGGCGGCAGCGCAAAAGAUGCGUAAA,GGGACCGUUUAUCACUACGGAUAAACGGUACUUAACUACACAGCACAUCGACAUUUACUAUUACU,-27.2,-22.7,-8.8,31.8,0.196106,0.47217
42,44.7,GGGAAUUGAUAUUGUUAGUGUUAUAGGCGUUAGAACAGAGGAGACUAACGAUGAUAACACUAAACCUGGCGGCAGCGCAAAAGAUGCGUAAA,GGGACAUACGGACUCACGUGUCCGUAUGUCGACUAACGCCUAUAACACUAACAAUAUCAAUUCAC,-22.4,-15.5,-6.1,33.9,0.0641155,0.798713
43,42.4,GGGUCAAGAUGUAUAGAUUAGUGUAUGUUAGUGAACAGAGGAGACACUAAAUGACACUAAUCAACCUGGCGGCAGCGCAAAAGAUGCGUAAA,GGGACAGAUUCAAGGUCUAUUGAAUCUGUAAGCACUAACAUACACUAAUCUAUACAUCUUGAAAC,-23.5,-17.6,-6.6,31.5,0.0498303,0.849959
44,41.5,GGGAAUGAAAUGAGACCGAAUUGAAUGAUGUUAGACAGAGGAGAUAACAUAUGUCAAUUCGGAACCUGGCGGCAGCGCAAAAGAUGCGUAAA,GGGUCGUAAGAACAGGCUUGUUCUUACGACAUUAACAUCAUUCAAUUCGGUCUCAUUUCAUUAAC,-22.7,-17.7,-9.5,34,0.0795358,0.671206
45,41.4,GGGAUAGAGACGAAAGCUAAGUGUAUGUGUCGGGACAGAGGAGACCGACAAUGACACUUAGCAACCUGGCGGCAGCGCAAAAGAUGCGUAAA,GGGAGUUGUAACGAAUCCACGUUACAACUAAACCGACACAUACACUUAGCUUUCGUCUCUAUUAG,-30,-18.9,-8.1,33.4,0.158336,0.931359
46,40.5,GGGAAUUGAUAUUGUGCUGUUUAUGUGCGUUCGGACAGAGGAGACGAACGAUGAUAAACAGCAACCUGGCGGCAGCGCAAAAGAUGCGUAAA,GGGACAUACGGACUCACGUGUCCGUAUGUCGACGAACGCACAUAAACAGCACAAUAUCAAUUCAC,-27.4,-17.5,-6.8,33,0.0810942,0.700953
47,39.6,GGGAGUAUGAUAUGAGAGUGUGCGAUGAUUCUGAACAGAGGAGACAGAAUAUGCGCACACUCAACCUGGCGGCAGCGCAAAAGAUGCGUAAA,GGGUCUGGUCAGCUGGCUCGCUGACCAGAAUACAGAAUCAUCGCACACUCUCAUAUCAUACUAAC,-28.1,-22,-9.4,35.9,0.124094,0.717449
48,39.1,GGGCUCAUUAUCUAUAGUUCGUCGAGGGUCUUAAGCAGAGGAGAUAAGACAUGCGACGAACUAACCUGGCGGCAGCGCAAAAGAUGCGUAAA,GGGACAUACGGACUCACGUGUCCGUAUGUCAAUAAGACCCUCGACGAACUAUAGAUAAUGAGCAC,-27.3,-21,-7.6,37.5,0.0644312,1.09497
49,38.7,GGGAUGAUGAGAUGAGAGUGUAGGAUGAGUUAGAACAGAGGAGACUAACUAUGCCUACACUCAACCUGGCGGCAGCGCAAAAGAUGCGUAAA,GGGCCAUUGUGAGUAAGUCCUCACAAUGGCAACUAACUCAUCCUACACUCUCAUCUCAUCAUAAC,-26.9,-20.8,-10.9,39.5,0.109258,0.763963
50,38.2,GGGAUGGAAUUGAAUCUUGUCUUGAGGUGCUUAAACAGAGGAGAUAAGCAAUGCAAGACAAGAACCUGGCGGCAGCGCAAAAGAUGCGUAAA,GGGUCGGUAGCCUAUAGCCAGGCUACCGACAAUAAGCACCUCAAGACAAGAUUCAAUUCCAUAAC,-25.6,-19.1,-8.8,35.5,0.0963713,0.742869
51,37.6,GGGUAAGAUGAUAUGACUGUGAUUAUGGAUUCGGACAGAGGAGACGAAUCAUGAAUCACAGUAACCUGGCGGCAGCGCAAAAGAUGCGUAAA,GGGAGCCGCACUCUAGCCCGAGUGCGGCUAAACGAAUCCAUAAUCACAGUCAUAUCAUCUUAAGU,-25.4,-16.8,-8,32.5,0.0679557,0.889442
52,37.3,GGGCAUUACUUUAUCUCGUGCCUUAUGUUGCUGAACAGAGGAGACAGCAAAUGAAGGCACGAAACCUGGCGGCAGCGCAAAAGAUGCGUAAA,GGGUGACCACGUCACUCUAGACGUGGUCAAAGCAGCAACAUAAGGCACGAGAUAAAGUAAUGAAA,-29.8,-21.9,-8.4,30.8,0.0847089,0.529501
53,36.8,GGGAUUGAUACUUUAGACUUGAUUACGUGUUCGGACAGAGGAGACGAACAAUGAAUCAAGUCAACCUGGCGGCAGCGCAAAAGAUGCGUAAA,GGGACCGGAGUAGGACCUGCUACUCCGGUAAGCGAACACGUAAUCAAGUCUAAAGUAUCAAUAAG,-25.4,-16.7,-11.1,33.3,0.0706607,1.18502
54,36.4,GGGAUGGAGGCGGAAAUUGUUAGUAUGCCGUUAGACAGAGGAGAUAACGGAUGACUAACAAUAACCUGGCGGCAGCGCAAAAGAUGCGUAAA,GGGUCUAUAGCGAGUUAAGUCGCUAUAGAUGAUAACGGCAUACUAACAAUUUCCGCCUCCAUAGC,-27.1,-18.9,-6.7,32.1,0.140061,0.908913
55,33.9,GGGAAUGAUAUGUGUAGUUCGUCGAGGUGUCCAAGCAGAGGAGAUGGACAAUGCGACGAACUAACCUGGCGGCAGCGCAAAAGAUGCGUAAA,GGGACAUACGGACUCACGUGUCCGUAUGUCCAUGGACACCUCGACGAACUACACAUAUCAUUAAC,-29,-20.2,-8.9,35.9,0.0421174,0.696626
56,33.8,GGGAUAAUGUAAGUAAGUUCGUCGAGGUGUCCAAGCAGAGGAGAUGGACAAUGCGACGAACUAACCUGGCGGCAGCGCAAAAGAUGCGUAAA,GGGACAUACGGACUCACGUGUCCGUAUGUCCAUGGACACCUCGACGAACUUACUUACAUUAUCUU,-28.7,-19.9,-8.9,37.6,0.043535,0.719883
57,33.3,GGGAUAUACUUAAGACUGUGAUUGAUGCUGUGAAACAGAGGAGAUCACAGAUGCAAUCACAGAACCUGGCGGCAGCGCAAAAGAUGCGUAAA,GGGACGCUUGGGACGGAAUUCCCAAGCGUAAAUCACAGCAUCAAUCACAGUCUUAAGUAUAUCAA,-26,-17.7,-8.4,36.2,0.0838621,1.12877
58,32.7,GGGUAAGAUUUGUAUAGGUAGUAGAAGUUGUCAGACAGAGGAGAUGACAAAUGCUACUACCUAACCUGGCGGCAGCGCAAAAGAUGCGUAAA,GGGUCCGUUCUAUACCUGGAUAGAACGGAAAUUGACAACUUCUACUACCUAUACAAAUCUUAAAC,-28.5,-21.2,-9.5,29.3,0.180811,0.697978
59,32.2,GGGAAUUGAUAUUGUUAGUAGUGUAUGAUUCGGAACAGAGGAGACCGAAUAUGACACUACUAAACCUGGCGGCAGCGCAAAAGAUGCGUAAA,GGGACAUACGGACUCACGUGUCCGUAUGUCAACCGAAUCAUACACUACUAACAAUAUCAAUUACA,-25.2,-17.8,-6.3,27.6,0.057893,0.807772
60,30.2,GGGCGAAGAUAAUGUUAGUAGAGUAUAUGUGCAGACAGAGGAGAUGCACAAUGACUCUACUAAACCUGGCGGCAGCGCAAAAGAUGCGUAAA,GGGUCAGUGUCUGUUGAAUCAGACACUGAAAUUGCACAUAUACUCUACUAACAUUAUCUUCGAAC,-28.3,-19.8,-8.2,31.3,0.073437,0.995991
61,30,GGGUAUGAAUUUGAAUCUGCUGUUAUGUAUCUGGACAGAGGAGACAGAUAAUGAACAGCAGAAACCUGGCGGCAGCGCAAAAGAUGCGUAAA,GGGACAUUUCGAUGGUCAAAUCGAAAUGUAAACAGAUACAUAACAGCAGAUUCAAAUUCAUACAC,-26.6,-18.9,-7.5,32.2,0.102753,0.954345
62,29.4,GGGUAGAAAUUGAAGGCUUGUCGUAUGUGUAUGGACAGAGGAGACAUACAAUGACGACAAGCAACCUGGCGGCAGCGCAAAAGAUGCGUAAA,GGGACACAUGUGGCGACCUCCACAUGUGUAAACAUACACAUACGACAAGCCUUCAAUUUCUAAAC,-27.7,-20.2,-6.3,30.1,0.0960024,0.950559
63,29.3,GGGAAUUGAUAUUGUAGGUUUCUGAUGCGCUUAAACAGAGGAGAUAAGCGAUGCAGAAACCUAACCUGGCGGCAGCGCAAAAGAUGCGUAAA,GGGACAUACGGACUCACGUGUCCGUAUGUCAAUAAGCGCAUCAGAAACCUACAAUAUCAAUUACA,-26.7,-19.2,-9,31.8,0.0620854,0.747737
64,29.1,GGGUACAAGAUAUAGAGUUCGUCGAGGCUUAGAAGCAGAGGAGAUCUAAGAUGCGACGAACUAACCUGGCGGCAGCGCAAAAGAUGCGUAAA,GGGACAUACGGACUCACGUGUCCGUAUGUCAAUCUAAGCCUCGACGAACUCUAUAUCUUGUAAAC,-25.4,-19.2,-8.6,37.1,0.065402,0.892687
65,27.4,GGGACCUGUAUUCUGCGCUUCGUUAUGUUCUAGGACAGAGGAGACUAGAAAUGAACGAAGCGAACCUGGCGGCAGCGCAAAAGAUGCGUAAA,GGGACCGCCUUUGCUACCUCAAAGGCGGUGAACUAGAACAUAACGAAGCGCAGAAUACAGGUAGA,-30,-22.5,-7.3,33.2,0.330793,0.323163
66,26.2,GGGAAUGGAAAUGGUCGUCUGUGUAUAGUGUCAGACAGAGGAGAUGACACAUGACACAGACGAACCUGGCGGCAGCGCAAAAGAUGCGUAAA,GGGCCACGAGCCGGUGGAGCGGCUCGUGGCAUUGACACUAUACACAGACGACCAUUUCCAUUAAC,-32.2,-23.9,-7.4,29.6,0.043281,0.578178
67,24.9,GGGAUGAAAUGAAUGACGAAUUGGAUGUAUGUGAACAGAGGAGACACAUAAUGCCAAUUCGUAACCUGGCGGCAGCGCAAAAGAUGCGUAAA,GGGAGCCACCGUCAUUACAGACGGUGGCUAUACACAUACAUCCAAUUCGUCAUUCAUUUCAUCUU,-23.8,-17.5,-9.8,39.1,0.123035,0.776267
68,24.8,GGGAAUGUAUGUAAUAGUUCGUCGAGGUGUCCAAGCAGAGGAGAUGGACAAUGCGACGAACUAACCUGGCGGCAGCGCAAAAGAUGCGUAAA,GGGACAUACGGACUCACGUGUCCGUAUGUCCAUGGACACCUCGACGAACUAUUACAUACAUUAAC,-29.6,-20.8,-8.9,33,0.0425392,0.605491
69,24.5,GGGAUUGAUUUGUAUUCGUGUUAUGUGUCGUUGGACAGAGGAGACAACGAAUGAUAACACGAAACCUGGCGGCAGCGCAAAAGAUGCGUAAA,GGGACGGCUCGCCUCGCACGGCGAGCCGUAGACAACGACACAUAACACGAAUACAAAUCAAUAGC,-25.8,-16.9,-5.9,28.4,0.0615001,1.16853
70,24.1,GGGAAUUGAUAUUGUAGUAGUUGUAUGUGCGCGAACAGAGGAGACGCGCAAUGACAACUACUAACCUGGCGGCAGCGCAAAAGAUGCGUAAA,GGGACAUACGGACUCACGUGUCCGUAUGUCGACGCGCACAUACAACUACUACAAUAUCAAUUACU,-28.8,-17.8,-8,30.1,0.0744156,0.75612
71,23.9,GGGAGUAUGAAUGAGAGUAUGUGGAUGUAGUGAAACAGAGGAGAUCACUAAUGCCACAUACUAACCUGGCGGCAGCGCAAAAGAUGCGUAAA,GGGCAGGUAGAUGGUUCAGCAUCUACCUGCAAUCACUACAUCCACAUACUCUCAUUCAUACUACU,-25.7,-18.9,-10.4,38,0.0879622,0.787761
72,23.3,GGGACGCUUAUACUGAGUUCGUCGAGGGUUCUGAGCAGAGGAGACAGAACAUGCGACGAACUAACCUGGCGGCAGCGCAAAAGAUGCGUAAA,GGGACAUACGGACUCACGUGUCCGUAUGUCAACAGAACCCUCGACGAACUCAGUAUAAGCGUAGA,-31.9,-24,-7.6,34.6,0.287162,0.303692
73,22.8,GGGAGUAAAUGUGAUAUGUUUCCGAUGCUAUUGGACAGAGGAGACAAUAGAUGCGGAAACAUAACCUGGCGGCAGCGCAAAAGAUGCGUAAA,GGGACAGCCUAGUAGGUGCACUAGGCUGUAUACAAUAGCAUCGGAAACAUAUCACAUUUACUACU,-25.6,-18.5,-7.2,31.2,0.0358958,0.921894
74,22.5,GGGAAUUUGGAUGAUGAGUGUAUAGUGGAUUAGGACAGAGGAGACUAAUCAUGUAUACACUCAACCUGGCGGCAGCGCAAAAGAUGCGUAAA,GGGUCCUGAAGAUAAGCCGAUCUUCAGGACAACUAAUCCACUAUACACUCAUCAUCCAAAUUCAC,-25.6,-18.2,-7.9,36.2,0.0811407,0.644974
75,22.3,GGGUGAUGAUAUUGACGGGUUAGUAUGUGUAGAAACAGAGGAGAUCUACAAUGACUAACCCGAACCUGGCGGCAGCGCAAAAGAUGCGUAAA,GGGCCUUAACCGCUAAUACGCGGUUAAGGCAAUCUACACAUACUAACCCGUCAAUAUCAUCAAAC,-26.6,-20,-7.5,33.2,0.0706891,0.950559
76,22,GGGAGUAAAGUAAGUGAUAGUAAGAUGUUGCGAAACAGAGGAGAUCGCAAAUGCUUACUAUCAACCUGGCGGCAGCGCAAAAGAUGCGUAAA,GGGACCGGCUCGUCACUCCACGAGCCGGUAAAUCGCAACAUCUUACUAUCACUUACUUUACUACU,-26,-18.1,-8.8,32.3,0.0575291,0.667149
77,21,GGGUGAUGUGUAAUGAGGUAGUGCGUGUUCUAGGACAGAGGAGACUAGAAAUGGCACUACCUAACCUGGCGGCAGCGCAAAAGAUGCGUAAA,GGGACUCCGUGCCUUGUCCGGCACGGAGUAAACUAGAACACGCACUACCUCAUUACACAUCAACU,-30.5,-22.6,-10.1,35.9,0.107378,0.475415
78,19.9,GGGAUAUGUAAUUGUAGUCUUGUUAUGUUGCUGAACAGAGGAGACAGCAAAUGAACAAGACUAACCUGGCGGCAGCGCAAAAGAUGCGUAAA,GGGACGUACCAUGUUAUCUCAUGGUACGUAAACAGCAACAUAACAAGACUACAAUUACAUAUCAC,-26.7,-18.8,-5.9,29.8,0.116802,0.428901
79,19.7,GGGAUGUAUGAUGAAUCGCGAUGAAUAGUGUAGAACAGAGGAGACUACACAUGUCAUCGCGAAACCUGGCGGCAGCGCAAAAGAUGCGUAAA,GGGAGCAUCUUAGGACCGGCUAAGAUGCUAAACUACACUAUUCAUCGCGAUUCAUCAUACAUACU,-27.3,-20.2,-12,36.1,0.0455962,0.672017
80,19.5,GGGUGAAUUUGAUUGACUAGAAUGAUGAUACGAAACAGAGGAGAUCGUAUAUGCAUUCUAGUAACCUGGCGGCAGCGCAAAAGAUGCGUAAA,GGGCCACGCGUUGUCCUAUCAACGCGUGGAAAUCGUAUCAUCAUUCUAGUCAAUCAAAUUCAAAG,-22.5,-16.4,-9.8,34.7,0.0425018,0.918784
81,18.8,GGGAUAAGAUAAAGUGCCGUGAUGAUGUAGUUGAACAGAGGAGACAACUAAUGCAUCACGGCAACCUGGCGGCAGCGCAAAAGAUGCGUAAA,GGGUCCGAUAUUGAUUCGCCAAUAUCGGAAUACAACUACAUCAUCACGGCACUUUAUCUUAUCUU,-29.1,-23,-12.3,38.7,0.0991195,0.627666
82,18.7,GGGAUCAAUGUAUAGGCGUAGUGCAAGGUUCUGGACAGAGGAGACAGAACAUGGCACUACGCAACCUGGCGGCAGCGCAAAAGAUGCGUAAA,GGGACGAUGCCUCCAUACCGAGGCAUCGUAAACAGAACCUUGCACUACGCCUAUACAUUGAUCAC,-31.4,-22.1,-11.2,39.3,0.0564309,0.563034
83,18.6,GGGAUCUAAAUGUUCGCUAAUAGUAUGUUCGUGAACAGAGGAGACACGAAAUGACUAUUAGCAACCUGGCGGCAGCGCAAAAGAUGCGUAAA,GGGACGGUAGGGUGAGUGAACCCUACCGUGAACACGAACAUACUAUUAGCGAACAUUUAGAUACU,-25.6,-18.3,-6.4,29.3,0.104749,1.34647
84,18.4,GGGUAUAGAAAUUGAGAUCGCGGUAUAGGUUCGGACAGAGGAGACGAACCAUGACCGCGAUCAACCUGGCGGCAGCGCAAAAGAUGCGUAAA,GGGUGAUGUCAUCGUUCGGGAUGACAUCAUAACGAACCUAUACCGCGAUCUCAAUUUCUAUACUU,-32,-22.2,-12.9,38.1,0.0933843,0.81237
85,18.4,GGGAGUGUAUGAAAUGAUGAAAGUGUGAUUGUAGACAGAGGAGAUACAAUAUGACUUUCAUCAACCUGGCGGCAGCGCAAAAGAUGCGUAAA,GGGUAGCGCGUACUGGUAUGUACGCGCUACAAUACAAUCACACUUUCAUCAUUUCAUACACUACU,-22.9,-17.7,-8,32.9,0.0367684,0.798172
86,18,GGGAGUAAAGAUAUGGAAGUGCAGAUGUAUGUAGACAGAGGAGAUACAUAAUGCUGCACUUCAACCUGGCGGCAGCGCAAAAGAUGCGUAAA,GGGCCUGUCAGCCUACACUGGCUGACAGGAUAUACAUACAUCUGCACUUCCAUAUCUUUACUAAC,-26.1,-20.5,-14.3,39.1,0.0836352,0.732323
87,18,GGGAAUGGAAUGAUGGAAUGGGUAAUGGUUAGAAACAGAGGAGAUCUAACAUGUACCCAUUCAACCUGGCGGCAGCGCAAAAGAUGCGUAAA,GGGCAGGCUGCUAAACUUCUAGCAGCCUGCAAUCUAACCAUUACCCAUUCCAUCAUUCCAUUAAC,-25.2,-19.1,-7.7,35.2,0.0922577,1.05129
88,17.7,GGGAAUUGAUAUUGUGCUAGUGUUAUGAUUCUGGACAGAGGAGACAGAAUAUGAACACUAGCAACCUGGCGGCAGCGCAAAAGAUGCGUAAA,GGGACAUACGGACUCACGUGUCCGUAUGUAAACAGAAUCAUAACACUAGCACAAUAUCAAUUACU,-27.1,-19.8,-7.8,29.2,0.0667173,0.77505
89,17.4,GGGUAAGAUGAGAUGGCGAGUGUGAUGAUUGUAAACAGAGGAGAUACAAUAUGCACACUCGCAACCUGGCGGCAGCGCAAAAGAUGCGUAAA,GGGUCUAUUAGUGGAGCGACACUAAUAGAACUUACAAUCAUCACACUCGCCAUCUCAUCUUAAAC,-26.9,-22.6,-9.1,36.8,0.0724704,0.873757
90,17.2,GGGAUGAAUUUGAUAGAUUUGAGUAAGUGUUAGGACAGAGGAGACUAACAAUGACUCAAAUCAACCUGGCGGCAGCGCAAAAGAUGCGUAAA,GGGAGCCUGUGGCGCAGAGGCCACAGGCUAAACUAACACUUACUCAAAUCUAUCAAAUUCAUACU,-24,-16.7,-7.3,29.8,0.171887,0.721911
91,16.9,GGGAUGUAAAGUAUGUCGUUUCGGAUGGUUAUGGACAGAGGAGACAUAACAUGCCGAAACGAAACCUGGCGGCAGCGCAAAAGAUGCGUAAA,GGGCCUUAGAAAUACGCUGAUUUCUAAGGCGACAUAACCAUCCGAAACGACAUACUUUACAUAGC,-27.1,-19.9,-11.5,35.4,0.0738946,0.48515
92,16.9,GGGCGAUAUACUUAAGAUUUGGCUAUGAUGUUAAACAGAGGAGAUAACAUAUGAGCCAAAUCAACCUGGCGGCAGCGCAAAAGAUGCGUAAA,GGGACUACACGUAGCGGGAUACGUGUAGUAAGUAACAUCAUAGCCAAAUCUUAAGUAUAUCGUAA,-23.2,-19.1,-10.7,36.6,0.0652223,1.00235
93,16.9,GGGUAAGAUUUGUAAGAUUGGAAUAUGUAUGUGAACAGAGGAGACACAUAAUGAUUCCAAUCAACCUGGCGGCAGCGCAAAAGAUGCGUAAA,GGGCCUACUUCAGGAGUGACUGAAGUAGGCGACACAUACAUAUUCCAAUCUUACAAAUCUUACUA,-22.9,-16.8,-8.1,35.2,0.101114,0.855638
94,16.6,GGGAAUUGGAAUGAGACGGUAUGGAGGCUUUAGGACAGAGGAGACUAAAGAUGCCAUACCGUAACCUGGCGGCAGCGCAAAAGAUGCGUAAA,GGGUCGUGCAACGAUGUUGCGUUGCACGACAACUAAAGCCUCCAUACCGUCUCAUUCCAAUUACU,-27,-20.1,-11.6,41.2,0.0799037,0.815345
95,16.2,GGGCAAAUUCAAUGUCUUAUGUUUAUGGUUCUAAACAGAGGAGAUAGAACAUGAAACAUAAGAACCUGGCGGCAGCGCAAAAGAUGCGUAAA,GGGACGGUGGAGUCCACUUACUCCACCGUAGAUAGAACCAUAAACAUAAGACAUUGAAUUUGAAA,-23.6,-17.5,-5.9,27.1,0.153458,0.639295
96,16.1,GGGAGUAUAUGAAAUUCUGUAGUUAUGUGUCCGGACAGAGGAGACGGACAAUGAACUACAGAAACCUGGCGGCAGCGCAAAAGAUGCGUAAA,GGGACUUCCACGGCUGACUCCGUGGAAGUAAGCGGACACAUAACUACAGAAUUUCAUAUACUAAC,-28.7,-17.6,-7.2,28.4,0.0902605,0.790735
97,16,GGGCGUUAUGUAUUGUCUAUUGUUAUGUCGUUGGACAGAGGAGACAACGAAUGAACAAUAGAAACCUGGCGGCAGCGCAAAAGAUGCGUAAA,GGGACCUAAAGACAUCGUCGUCUUUAGGUGAGCAACGACAUAACAAUAGACAAUACAUAACGAAA,-28.5,-19.8,-5.9,25.6,0.20568,0.789924
98,15.7,GGGAGUAAUUGAUGAAGAUUUGAUAUGUUAGUGGACAGAGGAGACACUAAAUGAUCAAAUCUAACCUGGCGGCAGCGCAAAAGAUGCGUAAA,GGGUCGAGCCAUCACUAAAGAUGGCUCGAAUACACUAACAUAUCAAAUCUUCAUCAAUUACUAGC,-21.9,-14.6,-7.1,31.1,0.12429,0.698519
99,15.2,GGGAUAAGAUGAAAUGAGUGUAAGAUGUGAUAGGACAGAGGAGACUAUCAAUGCUUACACUCAACCUGGCGGCAGCGCAAAAGAUGCGUAAA,GGGCUGUACGGACUCAGGCGUCCGUACAGCGACUAUCACAUCUUACACUCAUUUCAUCUUAUCUU,-27.2,-19.3,-9,34.5,0.153897,0.655521
100,13.6,GGGCGAAGUAUUGUAAGGUGUAGUGUGCGUUGAGACAGAGGAGAUCAACGAUGACUACACCUAACCUGGCGGCAGCGCAAAAGAUGCGUAAA,GGGACGUACAUGCAGUCGAGCAUGUACGUAAAUCAACGCACACUACACCUUACAAUACUUCGAAU,-30.1,-21.8,-9,33.5,0.0908407,0.922164
101,13.1,GGGUUAUUCCUGUAUAGUUCGUCGAGGUGUCCAAGCAGAGGAGAUGGACAAUGCGACGAACUAACCUGGCGGCAGCGCAAAAGAUGCGUAAA,GGGACAUACGGACUCACGUGUCCGUAUGUGACUGGACACCUCGACGAACUAUACAGGAAUAAGAU,-31,-22.2,-8.9,33.4,0.0416842,1.19611
102,12.7,GGGCGAUGGUAUUUGGCGUGCUAUAUGUGUCUGGACAGAGGAGACAGACAAUGAUAGCACGCAACCUGGCGGCAGCGCAAAAGAUGCGUAAA,GGGACCGCGAGGUUAGUCCACCUCGCGGUAAACAGACACAUAUAGCACGCCAAAUACCAUCGAAA,-33.6,-24,-11.7,35.6,0.121251,0.523822
103,12.4,GGGUAAGAAUUGAAUGAAUGGUGCGUGCUAUUGGACAGAGGAGACAAUAGAUGGCACCAUUCAACCUGGCGGCAGCGCAAAAGAUGCGUAAA,GGGUCCCGUCAGUCUCGUUACUGACGGGAAUACAAUAGCACGCACCAUUCAUUCAAUUCUUAACU,-30.2,-22.9,-10.3,31.3,0.306529,0.556003
104,12.2,GGGCAUUCUAUUCUACCGUAUUCUAUGUGCUUGAACAGAGGAGACAAGCAAUGAGAAUACGGAACCUGGCGGCAGCGCAAAAGAUGCGUAAA,GGGUCACGCGGAGAUUCGACUCCGCGUGAGAACAAGCACAUAGAAUACGGUAGAAUAGAAUGAAA,-27,-19.1,-6.9,31.1,0.056158,0.590618
105,11.4,GGGUACUAUGAUUUACGCUUGUCUAUGUUGAUGGACAGAGGAGACAUCAAAUGAGACAAGCGAACCUGGCGGCAGCGCAAAAGAUGCGUAAA,GGGACCCGUGGUAGUAGAGUACCACGGGUAAACAUCAACAUAGACAAGCGUAAAUCAUAGUAAAG,-27.2,-19.9,-7,29.4,0.0636434,0.98274
106,11,GGGAAUUGGAUGAAGACGGGAAUGAAGACUAUGAACAGAGGAGACAUAGUAUGCAUUCCCGUAACCUGGCGGCAGCGCAAAAGAUGCGUAAA,GGGCAGUCCGUCUAAGGUCAGACGGACUGCAACAUAGUCUUCAUUCCCGUCUUCAUCCAAUUACU,-26.2,-19.9,-10.2,38,0.076455,0.713122
107,10.3,GGGUAAGAAUGAAUAGAAAUGAUAAUGAUGUAGGACAGAGGAGACUACAUAUGUAUCAUUUCAACCUGGCGGCAGCGCAAAAGAUGCGUAAA,GGGAGUGGGAAUCCCGCAUGAUUCCCACUAUACUACAUCAUUAUCAUUUCUAUUCAUUCUUACUU,-22.3,-14.8,-9.4,35.8,0.131949,0.764639
108,9.9,GGGUCAAUCUAUUUCGCUUUGUCUAUAUGUUCGGACAGAGGAGACGAACAAUGAGACAAAGCAACCUGGCGGCAGCGCAAAAGAUGCGUAAA,GGGACUUAUCCUGUUUACCCAGGAUAAGUGAACGAACAUAUAGACAAAGCGAAAUAGAUUGAAAG,-28.1,-20.2,-6.3,27.3,0.170362,1.01222
109,9.8,GGGUAAUGGUGAAAUCGUGUAUGUAUGUGUAUGAACAGAGGAGACAUACAAUGACAUACACGAACCUGGCGGCAGCGCAAAAGAUGCGUAAA,GGGAGCCCAAUCUGGCAUGAGAUUGGGCUAAACAUACACAUACAUACACGAUUUCACCAUUAAGC,-27.5,-21.4,-5.9,27.6,0.101232,0.797496
110,9.7,GGGAUGAUAAUGUAGAGGUGCGGAGUGAUUGUAAACAGAGGAGAUACAAUAUGUCCGCACCUAACCUGGCGGCAGCGCAAAAGAUGCGUAAA,GGGACGAGCUUACUCUAGUGUAAGCUCGUCAAUACAAUCACUCCGCACCUCUACAUUAUCAUCAU,-27.2,-22.9,-13.6,44.1,0.0560155,0.786679
111,9.6,GGGAUGGAUGGAUAAGAGUAAAGUAUGUAUGUGGACAGAGGAGACACAUAAUGACUUUACUCAACCUGGCGGCAGCGCAAAAGAUGCGUAAA,GGGUCGCGGACCGCUCCAACGGUCCGCGACGACACAUACAUACUUUACUCUUAUCCAUCCAUCAC,-24.2,-16.7,-7.8,37.7,0.0737559,0.613875
112,9.4,GGGAUCUUGUAUUGUAGUUCGUCGAGGGUAUGAAGCAGAGGAGAUCAUACAUGCGACGAACUAACCUGGCGGCAGCGCAAAAGAUGCGUAAA,GGGACAUACGGACUCACGUGUCCGUAUGUCACUCAUACCCUCGACGAACUACAAUACAAGAUAAC,-28.3,-21.8,-8.7,34.5,0.0774122,0.557355
113,9,GGGAUAGAUGAAUGAGAUGCUUGAAUGAUGUAGGACAGAGGAGACUACAUAUGUCAAGCAUCAACCUGGCGGCAGCGCAAAAGAUGCGUAAA,GGGUCCGAGGCGUCUACUUACGCCUCGGAAUACUACAUCAUUCAAGCAUCUCAUUCAUCUAUAAC,-26.6,-19.1,-13.1,37.4,0.191716,0.73719
114,8.9,GGGCCUAAAUCUUGUUAUGUUCGUAUGUGUCUGGACAGAGGAGACAGACAAUGACGAACAUAAACCUGGCGGCAGCGCAAAAGAUGCGUAAA,GGGAGCCAUCUCGGGUCCGCGAGAUGGCUAAACAGACACAUACGAACAUAACAAGAUUUAGGAUA,-30,-20.4,-6.5,27.7,0.167629,1.10281
115,8.9,GGGCGAUGAUUCUUGAGGUAUUGUAUAGUAGUGAACAGAGGAGACACUACAUGACAAUACCUAACCUGGCGGCAGCGCAAAAGAUGCGUAAA,GGGAGCCACAGUCUGACGUGACUGUGGCUGAACACUACUAUACAAUACCUCAAGAAUCAUCGAAU,-25.3,-18.2,-7,33.2,0.0589109,0.842658
116,8.7,GGGUAAGUAAAUGAAAGUGUAUGUAUGUUGCUGGACAGAGGAGACAGCAAAUGACAUACACUAACCUGGCGGCAGCGCAAAAGAUGCGUAAA,GGGACCAGCGCGUGUAGCAACGCGCUGGUAAACAGCAACAUACAUACACUUUCAUUUACUUACAC,-26.2,-16.9,-5.9,30.4,0.0758926,0.701223
117,8.5,GGGUCAAUAAGGCGGAGUUCGUCGAGGUGCCUGAGCAGAGGAGACAGGCAAUGCGACGAACUAACCUGGCGGCAGCGCAAAAGAUGCGUAAA,GGGACAUACGGACUCACGUGUCCGUAUGUAGACAGGCACCUCGACGAACUCCGCCUUAUUGAACU,-34.5,-24,-8.7,34.4,0.308766,0.5606
118,8.4,GGGUAAUGGAUUUGUCGUCGUGUUAUGGUCUUGGACAGAGGAGACAAGACAUGAACACGACGAACCUGGCGGCAGCGCAAAAGAUGCGUAAA,GGGCCUGGUGAACGUGUAGGUUCACCAGGCGACAAGACCAUAACACGACGACAAAUCCAUUACUA,-31.1,-22,-5.9,32.2,0.174175,0.782082
119,8.1,GGGUAAGAAUGAUAAAGUGGCAGUAAGGUUUCGGACAGAGGAGACGAAACAUGACUGCCACUAACCUGGCGGCAGCGCAAAAGAUGCGUAAA,GGGUCUGCCUCAGAUUGUGCUGAGGCAGAAUACGAAACCUUACUGCCACUUUAUCAUUCUUACUU,-29.3,-21.1,-14.6,40.6,0.112156,0.814263
120,7.7,GGGCGACGCACCUAGAACUUGAAUAUGUUACCGAACAGAGGAGACGGUAAAUGAUUCAAGUUAACCUGGCGGCAGCGCAAAAGAUGCGUAAA,GGGACGGCCAGUGACAUAACACUGGCCGUAAACGGUAACAUAUUCAAGUUCUAGGUGCGUCGAAA,-27.9,-20.5,-9.9,37.9,0.155363,0.719612
121,7.4,GGGAAUUGAUAUUGUAAGUGAUGUAUGUUGAUGAACAGAGGAGACAUCAAAUGACAUCACUUAACCUGGCGGCAGCGCAAAAGAUGCGUAAA,GGGACAUACGGACUCACGUGUCCGUAUGUCGACAUCAACAUACAUCACUUACAAUAUCAAUUAGC,-23.7,-17.8,-7.8,29.5,0.0724368,0.74963
122,7.3,GGGAAUGAUUUGAAACGAUGAACUACCUACUUGAACAGAGGAGACAAGUAAUGAGUUCAUCGAACCUGGCGGCAGCGCAAAAGAUGCGUAAA,GGGUCACCGUGUCUCUGACGACACGGUGAAGACAAGUAGGUAGUUCAUCGUUUCAAAUCAUUAAG,-22.9,-17.8,-6.9,33.5,0.141976,0.740435
123,6.8,GGGUAAAGUAAUGAAAGUAAGAUGAAGGUUAUGAACAGAGGAGACAUAACAUGCAUCUUACUAACCUGGCGGCAGCGCAAAAGAUGCGUAAA,GGGUCCGCGACUCUGUACCGAGUCGCGGAUAGCAUAACCUUCAUCUUACUUUCAUUACUUUACUU,-22.1,-16.3,-12,39.1,0.0722124,0.68324
124,6.4,GGGCAAUUGUAAUGUAGUUCGUCGAGGUGUCCAAGCAGAGGAGAUGGACAAUGCGACGAACUAACCUGGCGGCAGCGCAAAAGAUGCGUAAA,GGGACAUACGGACUCACGUGUCCGUAUGUCCAUGGACACCUCGACGAACUACAUUACAAUUGACU,-30.7,-21.9,-8.9,33.3,0.0695551,0.748278
125,6,GGGAUGAAUACUUGAAAUGGUGCGAUGAUGUGAAACAGAGGAGAUCACAUAUGCGCACCAUUAACCUGGCGGCAGCGCAAAAGAUGCGUAAA,GGGAGUGAUCGUCCUGCACGACGAUCACUAAAUCACAUCAUCGCACCAUUUCAAGUAUUCAUCAU,-26.2,-19.6,-11.5,40.2,0.0788606,1.2026
126,5.9,GGGAUAUGAUGAUUAGAUUAAGGUAUAGUUUCGGACAGAGGAGACGAAACAUGACCUUAAUCAACCUGGCGGCAGCGCAAAAGAUGCGUAAA,GGGACAGUCGUGUCACCAUACACGACUGUAAACGAAACUAUACCUUAAUCUAAUCAUCAUAUACA,-24.2,-16.8,-8.6,30.8,0.118441,1.05467
127,5.8,GGGAUAAGAUGAUGUGAAAUGCGAAUGUUAGUGGACAGAGGAGACACUAAAUGUCGCAUUUCAACCUGGCGGCAGCGCAAAAGAUGCGUAAA,GGGACUACAGGGUACGAGCACCCUGUAGUAUACACUAACAUUCGCAUUUCACAUCAUCUUAUCUU,-26.4,-19.1,-12.5,39.7,0.108309,0.671206
128,5.1,GGGUAAAGUAAAUGAAGUAAUAGAAUGUUGCCGGACAGAGGAGACGGCAAAUGUCUAUUACUAACCUGGCGGCAGCGCAAAAGAUGCGUAAA,GGGACUAUGAUGGGAACUGCCAUCAUAGUAUACGGCAACAUUCUAUUACUUCAUUUACUUUAACU,-25.8,-15,-9.8,31.4,0.0824325,0.71826
129,4.7,GGGUGAUAAUGAUGACGGUAAUAGAUAGUGUAGGACAGAGGAGACUACACAUGCUAUUACCGAACCUGGCGGCAGCGCAAAAGAUGCGUAAA,GGGAGCAGUCUUGUUAUCUCAAGACUGCUAAACUACACUAUCUAUUACCGUCAUCAUUAUCAACU,-26.1,-17.4,-8.5,32.9,0.0717218,0.966514
130,4.5,GGGAAUAAGUAUAGUGCGAAUGAUAUGUUGCGAGACAGAGGAGAUCGCAAAUGAUCAUUCGCAACCUGGCGGCAGCGCAAAAGAUGCGUAAA,GGGUCCACCUUAGAGUAGACUAAGGUGGAAAUUCGCAACAUAUCAUUCGCACUAUACUUAUUCAC,-28.5,-19.9,-12.5,36.5,0.0763976,0.694463
131,4.5,GGGUAAGUAAAUGAUCGUGAUGUUAUGUGUAUGGACAGAGGAGACAUACAAUGAACAUCACGAACCUGGCGGCAGCGCAAAAGAUGCGUAAA,GGGACAGUAAACCUGGCUCGGUUUACUGUAAACAUACACAUAACAUCACGAUCAUUUACUUACUU,-28.1,-20.6,-5.9,29.5,0.216564,0.559518
132,3.8,GGGAGUAAAGAUGAGGCUGUGAUUAUGAUUGCGGACAGAGGAGACGCAAUAUGAAUCACAGCAACCUGGCGGCAGCGCAAAAGAUGCGUAAA,GGGACACCUCAUGCUGCCUCAUGAGGUGUAAACGCAAUCAUAAUCACAGCCUCAUCUUUACUACU,-27.6,-19,-9.1,35.6,0.064904,0.760177
133,3.7,GGGUAGAUUAAGAACGAUGAAGAUAUGAUAGUGGACAGAGGAGACACUAUAUGAUCUUCAUCAACCUGGCGGCAGCGCAAAAGAUGCGUAAA,GGGUCGACAUCGCACGGACGCGAUGUCGAAUACACUAUCAUAUCUUCAUCGUUCUUAAUCUAACU,-24.6,-17.1,-10.1,34.5,0.0876499,0.952723
134,3.3,GGGAAUUGAUAUUGUUCGUAUGUUAUGUCGCCGAACAGAGGAGACGGCGAAUGAACAUACGAAACCUGGCGGCAGCGCAAAAGAUGCGUAAA,GGGACAUACGGACUCACGUGUCCGUAUGUAAACGGCGACAUAACAUACGAACAAUAUCAAUUAGC,-28.1,-16.9,-7.7,29.4,0.0609613,0.846444
135,3.2,GGGUGAUAAAGAUAGAGUUAGUGUAUGCGUUCGGACAGAGGAGACGAACGAUGACACUAACUAACCUGGCGGCAGCGCAAAAGAUGCGUAAA,GGGACCACUUUACUAACGUGUAAAGUGGUAAACGAACGCAUACACUAACUCUAUCUUUAUCACAC,-27.3,-17.6,-6.1,34.1,0.125204,0.730159
136,3.1,GGGAAUACUUAUACUCCGAUGAUUGUGACUUGAGACAGAGGAGAUCAAGUAUGAAUCAUCGGAACCUGGCGGCAGCGCAAAAGAUGCGUAAA,GGGUGACUAUCCCUGCCGUGGGAUAGUCACAAUCAAGUCACAAUCAUCGGAGUAUAAGUAUUAGU,-27,-19.7,-8,30.9,0.0940578,1.16717
137,2.9,GGGUGAAUGAUAAUGGAUGGUGAGAUGAUUGUAGACAGAGGAGAUACAAUAUGCUCACCAUCAACCUGGCGGCAGCGCAAAAGAUGCGUAAA,GGGCCAUAUUCCAGCGGGAUGGAAUAUGGCAUUACAAUCAUCUCACCAUCCAUUAUCAUUCAAAC,-25.9,-20.7,-11.5,36.5,0.0533705,0.868619
138,2.9,GGGUAAAUGGAAUGAGAUGGUGCGAAGGUAUGAGACAGAGGAGAUCAUACAUGCGCACCAUCAACCUGGCGGCAGCGCAAAAGAUGCGUAAA,GGGUCCGGACUAAGACUGAUUAGUCCGGACAAUCAUACCUUCGCACCAUCUCAUUCCAUUUACUU,-29.5,-22.1,-11.5,40.1,0.0748912,0.745574
139,2.6,GGGUAGAUGGAUGAUAGGUGAGAUAUGGUUAAGGACAGAGGAGACUUAACAUGAUCUCACCUAACCUGGCGGCAGCGCAAAAGAUGCGUAAA,GGGUCGUACAUUCGAACAGGAAUGUACGACGACUUAACCAUAUCUCACCUAUCAUCCAUCUAAAC,-28.6,-21.8,-10.5,35.6,0.161367,0.745303
140,2.6,GGGAGUAAAUGAUGAGAUGGAUGGAUGUGAGUAGACAGAGGAGAUACUCAAUGCCAUCCAUCAACCUGGCGGCAGCGCAAAAGAUGCGUAAA,GGGCCAAUGGAUCACGAGCGAUCCAUUGGCAUUACUCACAUCCAUCCAUCUCAUCAUUUACUAGC,-28.6,-20.9,-15.7,40.5,0.12499,0.697978
141,2.2,GGGAAUAAGAAUAAGGCGAGAAUGAAGGUACGGAACAGAGGAGACCGUACAUGCAUUCUCGCAACCUGGCGGCAGCGCAAAAGAUGCGUAAA,GGGAGCAGUGGACUUUAACGUCCACUGCUCGACCGUACCUUCAUUCUCGCCUUAUUCUUAUUGUC,-29.4,-19.8,-12.3,36.7,0.160635,0.73692
142,2.1,GGGUAAGAAUUGAUAUAGAUGACGAUGGUAUUGAACAGAGGAGACAAUACAUGCGUCAUCUAAACCUGGCGGCAGCGCAAAAGAUGCGUAAA,GGGAGCUAACAGUUAGCCUACUGUUAGCUUAACAAUACCAUCGUCAUCUAUAUCAAUUCUUAACU,-23.9,-18.1,-11.1,34.7,0.0975552,0.874163
143,2,GGGAGUAAAUGAAUGCGAGAAUAGAGGCUUGUAAACAGAGGAGAUACAAGAUGCUAUUCUCGAACCUGGCGGCAGCGCAAAAGAUGCGUAAA,GGGUCCAGCAGUUCAGGUUAACUGCUGGACAAUACAAGCCUCUAUUCUCGCAUUCAUUUACUAAC,-23.9,-17.9,-10.4,38.5,0.11655,0.668501
144,2,GGGCGAGAAUUGAUGCGUUGAUUUAGGGAUUUGGACAGAGGAGACAAAUCAUGAAAUCAACGAACCUGGCGGCAGCGCAAAAGAUGCGUAAA,GGGUGCUCUAACAAGAGCGUGUUAGAGCACAUCAAAUCCCUAAAUCAACGCAUCAAUUCUCGCAA,-24.3,-17.5,-5.9,37.3,0.184663,3.1962
145,2,GGGAAUUGAUAUUGUGAAGUUAGGAUGGUAGUGAACAGAGGAGACACUACAUGCCUAACUUCAACCUGGCGGCAGCGCAAAAGAUGCGUAAA,GGGACAUACGGACUCACGUGUCCGUAUGUCAGCACUACCAUCCUAACUUCACAAUAUCAAUUCAC,-27.3,-19.2,-9.8,35.7,0.0680248,0.689595
146,1.9,GGGAUUGAUUUACUGAGGUGAUUGAUGUCUAUGGACAGAGGAGACAUAGAAUGCAAUCACCUAACCUGGCGGCAGCGCAAAAGAUGCGUAAA,GGGACCUCCGAACUUGACCGUUCGGAGGUAAACAUAGACAUCAAUCACCUCAGUAAAUCAAUAAG,-26.3,-18.4,-8.5,32.8,0.0989242,0.958672
147,1.9,GGGCGAAAUGAAAUGAGUGAGUGGAUGGUAUGAGACAGAGGAGAUCAUACAUGCCACUCACUAACCUGGCGGCAGCGCAAAAGAUGCGUAAA,GGGUCGCUCCCAGGGUUCGCUGGGAGCGACAUUCAUACCAUCCACUCACUCAUUUCAUUUCGUUA,-29.4,-22,-11.4,38.1,0.0897888,1.07144
148,1.9,GGGAUACUUAUGAUGGAUGAUGGGAUGGAAUUGAACAGAGGAGACAAUUCAUGCCCAUCAUCAACCUGGCGGCAGCGCAAAAGAUGCGUAAA,GGGCGACAAGUAUGCCAGAAUACUUGUCGCGACAAUUCCAUCCCAUCAUCCAUCAUAAGUAUAGU,-26.4,-20.8,-10.1,36.4,0.0859642,0.997343
149,1.9,GGGUAAGAUGAUGAAGAUGGUAAGAUGGAGUGAAACAGAGGAGAUCACUCAUGCUUACCAUCAACCUGGCGGCAGCGCAAAAGAUGCGUAAA,GGGCACAUCGGCCUCGACUGGCCGAUGUGCAAUCACUCCAUCUUACCAUCUUCAUCAUCUUAAAC,-27.1,-18.5,-13.2,39.1,0.0974593,0.797767
150,1.6,GGGAAUUUGAAUUUGGCUGUUAGUAUGAUGUCGGACAGAGGAGACGACAUAUGACUAACAGCAACCUGGCGGCAGCGCAAAAGAUGCGUAAA,GGGACACUCGUCCGGCUAGGGACGAGUGUAAACGACAUCAUACUAACAGCCAAAUUCAAAUUCUA,-27.7,-18.8,-8.8,34.6,0.117289,0.892417
151,1.5,GGGUAUCCUUAUUCUAGUUCGUCGAGGUGUCCAAGCAGAGGAGAUGGACAAUGCGACGAACUAACCUGGCGGCAGCGCAAAAGAUGCGUAAA,GGGACAUACGGACUCACGUGUCCGUAUGUACAUGGACACCUCGACGAACUAGAAUAAGGAUAAGA,-30.7,-21.9,-8.9,34.8,0.0571388,1.8373
152,1.4,GGGUAAAGAUAAUGUGAAUAAGUAAUAGUGAUGGACAGAGGAGACAUCACAUGUACUUAUUCAACCUGGCGGCAGCGCAAAAGAUGCGUAAA,GGGACGAUGGUAGAUAUGCCUACCAUCGUAAACAUCACUAUUACUUAUUCACAUUAUCUUUACUU,-25.6,-17.1,-8.5,31.6,0.216525,0.630506
153,1.3,GGGCGAAUCUAUAUGCGUAGUACUAUGGCCUUGAACAGAGGAGACAAGGCAUGAGUACUACGAACCUGGCGGCAGCGCAAAAGAUGCGUAAA,GGGUGAUUCAACGACCUCGCGUUGAAUCAAGACAAGGCCAUAGUACUACGCAUAUAGAUUCGAAU,-30.3,-20.5,-7.3,32.3,0.109276,0.67418
154,1.3,GGGAUAUUGAUUUGAGCGAAGUAGAUGUGCGGAAACAGAGGAGAUCCGCAAUGCUACUUCGCAACCUGGCGGCAGCGCAAAAGAUGCGUAAA,GGGACGGCCAGAUAAACCGAUCUGGCCGUCAAUCCGCACAUCUACUUCGCUCAAAUCAAUAUCAC,-30.2,-19.9,-12.8,38.8,0.13794,1.03358
155,1.2,GGGCGAAGAUUGAAGUAGGUAUGGAUGAUGUAAGACAGAGGAGAUUACAUAUGCCAUACCUAAACCUGGCGGCAGCGCAAAAGAUGCGUAAA,GGGUCCUUGAACGAGUUGACGUUCAAGGACAUUUACAUCAUCCAUACCUACUUCAAUCUUCGUUA,-25.4,-20.2,-11.7,40.5,0.0713248,1.04764
156,1.2,GGGCGAAAGUAUAUGCGGUAGAUGAUGCGUUAGGACAGAGGAGACUAACGAUGCAUCUACCGAACCUGGCGGCAGCGCAAAAGAUGCGUAAA,GGGACGCAGGCUUAUGUACAAGCCUGCGUAAACUAACGCAUCAUCUACCGCAUAUACUUUCGAAU,-31.9,-23.4,-11.2,34.1,0.406816,0.535721
157,1.2,GGGAUGGAAUUUGAGACUGAUUGAACGGGCUUAGACAGAGGAGAUAAGCCAUGUCAAUCAGUAACCUGGCGGCAGCGCAAAAGAUGCGUAAA,GGGUCCGAUACCCUGGCCUGGGUAUCGGACAAUAAGCCCGUUCAAUCAGUCUCAAAUUCCAUAAG,-26.1,-17,-11.8,39.1,0.0495536,0.914862
158,1.2,GGGUGAUAAUGAAUAGAUGAAUGAAAGUUGUAGGACAGAGGAGACUACAAAUGUCAUUCAUCAACCUGGCGGCAGCGCAAAAGAUGCGUAAA,GGGACCUGUACUGCGCACUCAGUACAGGUAUACUACAACUUUCAUUCAUCUAUUCAUUAUCAAGC,-24.4,-17.1,-9.7,31.9,0.114586,0.764504
159,1.1,GGGCGUAUAUCAUUAAGUUCGUCGAGGUCCGUGAGCAGAGGAGACACGGAAUGCGACGAACUAACCUGGCGGCAGCGCAAAAGAUGCGUAAA,GGGACAUACGGACUCACGUGUCCGUAUGUAGACACGGACCUCGACGAACUUAAUGAUAUACGACU,-31.6,-21.7,-10,34,0.109034,0.574392
160,1.1,GGGUAAGAUAUGAUAGAAAUGCGGAAGUCGUUAGACAGAGGAGAUAACGAAUGCCGCAUUUCAACCUGGCGGCAGCGCAAAAGAUGCGUAAA,GGGUGACACAUAGCAGGAACUAUGUGUCAAACUAACGACUUCCGCAUUUCUAUCAUAUCUUAAAC,-26.4,-19.6,-15.2,39.5,0.0970841,0.802905
161,1.1,GGGAUUGGAAUUGAUGAGGUGGAUAUGGUAAUGGACAGAGGAGACAUUACAUGAUCCACCUCAACCUGGCGGCAGCGCAAAAGAUGCGUAAA,GGGCCUUAUACUACAUAUGUAGUAUAAGGCGACAUUACCAUAUCCACCUCAUCAAUUCCAAUAGC,-29.4,-22.4,-10.8,34.4,0.0862515,0.967055
162,1.1,GGGAGUUUGAAUUGUCUGAUGAUUAUGUGCUUGGACAGAGGAGACAAGCAAUGAAUCAUCAGAACCUGGCGGCAGCGCAAAAGAUGCGUAAA,GGGACGUCAAGUCAGCGUGGACUUGACGUAUACAAGCACAUAAUCAUCAGACAAUUCAAACUAAC,-27.8,-18.5,-6.9,29.6,0.0845038,1.08767
163,1,GGGCGAAAUCUUGAGCGCUAGUGUAUAUGUUCGGACAGAGGAGACGAACAAUGACACUAGCGAACCUGGCGGCAGCGCAAAAGAUGCGUAAA,GGGACGAAGUAGGAUGAUGCCUACUUCGUAAACGAACAUAUACACUAGCGCUCAAGAUUUCGAAA,-30.3,-22.4,-8,32.2,0.0827411,0.821835
164,1,GGGAUAAGAUGAGAUAAUGAGAUGAAGUUGGCGGACAGAGGAGACGCCAAAUGCAUCUCAUUAACCUGGCGGCAGCGCAAAAGAUGCGUAAA,GGGCCUAACCUUGAAGAUGCAAGGUUAGGCGACGCCAACUUCAUCUCAUUAUCUCAUCUUAUCUA,-28.4,-17.4,-12.6,41,0.0857381,0.621987
165,0.9,GGGAUCGAUGUAUGUAGUUAUUGUAUGUCCGUGAACAGAGGAGACACGGAAUGACAAUAACUAACCUGGCGGCAGCGCAAAAGAUGCGUAAA,GGGACCUGUGUCUGGUAUGAGACACAGGUGAACACGGACAUACAAUAACUACAUACAUCGAUCAU,-26.2,-16.5,-5.9,34.1,0.0576678,0.550324
166,0.9,GGGAAUGGAAUGAGACGUGAGAUAAUGUAGUGAGACAGAGGAGAUCACUAAUGUAUCUCACGAACCUGGCGGCAGCGCAAAAGAUGCGUAAA,GGGCACGCAAUGCAGCGAAGCAUUGCGUGCAAUCACUACAUUAUCUCACGUCUCAUUCCAUUAAC,-25.7,-18.2,-11.6,38.3,0.0672537,0.701764
167,0.9,GGGUGAUUUGAUUGUAGGUGGCUGGUCGUGUAAGACAGAGGAGAUUACACAUGCAGCCACCUAACCUGGCGGCAGCGCAAAAGAUGCGUAAA,GGGCCAGUAUGACUCUGGCGUCAUACUGGCAAUUACACGACCAGCCACCUACAAUCAAAUCAAAC,-31.6,-25.2,-14.1,38.2,0.159005,0.861047
168,0.6,GGGAGUAAAUGAAUAAGGUGAUAGAUGUGUAUGGACAGAGGAGACAUACAAUGCUAUCACCUAACCUGGCGGCAGCGCAAAAGAUGCGUAAA,GGGACCAGCUGCCCAUCUAGGCAGCUGGUAAACAUACACAUCUAUCACCUUAUUCAUUUACUAGC,-26.4,-18.7,-9.3,31.4,0.134363,0.598731
169,665,GGGUCUUAUCUUAUCUAUCUCGUUUAUCCCUGCAUACAGAAACAGAGGAGAUAUGCAAUGAUAAACGAGAACCUGGCGGCAGCGCAAAAGAUGCGUAAA,GGGACUGACUAUUCUGUGCAAUAGUCAGUAAAGCAGGGAUAAACGAGAUAGAUAAGAUAAGAUAG,-27.3,-19.1,-6.1,33,0.137756,0.829948
170,586,GGGAGUUUGAUUACAUUGUCGUUUAGUUUAGUGAUACAUAAACAGAGGAGAUAUCACAUGACUAAACGAAACCUGGCGGCAGCGCAAAAGAUGCGUAAA,GGGACAGAUCCACUGAGGCGUGGAUCUGUGAACACUAAACUAAACGACAAUGUAAUCAAACUAAC,-21.8,-16.3,-6,31.2,0.0232847,1.5693
171,557,GGGAUCUAUUACUACUUACCAUUGUCUUGCUCUAUACAGAAACAGAGGAGAUAUAGAAUGAGACAAUGGAACCUGGCGGCAGCGCAAAAGAUGCGUAAA,GGGUGAUGGGACAUUCCGAUGUCCCAUCAAUAAGAGCAAGACAAUGGUAAGUAGUAAUAGAUAAG,-24.1,-21,-6.2,33.1,0.0494178,1.00613
172,483,GGGCGAUUAUGGAUUAGAGCUCCGUUUACUGUCAUACAAGAACAGAGGAGAUAUGACAUGAAACGGAGCAACCUGGCGGCAGCGCAAAAGAUGCGUAAA,GGGACGAAUUCACCCUAAUGUGAAUUCGUAAAGACAGUAAACGGAGCUCUAAUCCAUAAUCGAAC,-28.8,-21.2,-7.2,32.1,0.0452987,1.75373
173,453,GGGUAUGUAAUUGAUUUGGCUUCUGUUAGUUUCAUACAAGAACAGAGGAGAUAUGAAAUGAACAGAAGCAACCUGGCGGCAGCGCAAAAGAUGCGUAAA,GGGUCCAUUCUAGGUGAUACUAGAAUGGAGCAGAAACUAACAGAAGCCAAAUCAAUUACAUACUA,-25,-18.2,-6.9,33.8,0.0213744,0.981118
174,409,GGGCUUAAUCUUACCUUCGCUUGUUCUGUUCCGAUACAGAAACAGAGGAGAUAUCGGAUGAGAACAAGCAACCUGGCGGCAGCGCAAAAGAUGCGUAAA,GGGACAAUCGGGACGACACUCCCGAUUGUGAACGGAACAGAACAAGCGAAGGUAAGAUUAAGGUA,-28.4,-18.7,-7,33.3,0.0350493,1.5693
175,403,GGGUCACUUAAUCAUUUGUCGUCGUUUCUAUCUAUACAAGAACAGAGGAGAUAUAGAAUGAAACGACGAAACCUGGCGGCAGCGCAAAAGAUGCGUAAA,GGGUCGAGUAGACAGAGCUGUCUACUCGAAUAAGAUAGAAACGACGACAAAUGAUUAAGUGAGAA,-25.3,-18.8,-6,29.3,0.0858888,2.89332
176,393,GGGACCUCUACUUACUCUCACUCUUACUUCUGCAUAGUAGAACAGAGGAGAUAUGCAAUGGUAAGAGUGAACCUGGCGGCAGCGCAAAAGAUGCGUAAA,GGGACUGAGCUGCUAUCACGCAGCUCAGUAGAGCAGAAGUAAGAGUGAGAGUAAGUAGAGGUAGA,-28.2,-21.5,-9.7,38.9,0.100382,1.0874
177,381,GGGCUUACUACUUUGACACCUGAUUCUGACACGAUAACAGAACAGAGGAGAUAUCGUAUGAGAAUCAGGAACCUGGCGGCAGCGCAAAAGAUGCGUAAA,GGGUCAAUUACCCGUGGUAGGGUAAUUGAAAGCGUGUCAGAAUCAGGUGUCAAAGUAGUAAGUAG,-25.2,-18.7,-7.9,38.3,0.0280119,1.73453
178,343,GGGAAUGGAAUGAAUGAACUGCUUGUCUUAUGUAUACAGAAACAGAGGAGAUAUACAAUGGACAAGCAGAACCUGGCGGCAGCGCAAAAGAUGCGUAAA,GGGCGAAGUGUCCGUAUGAGGACACUUCGACGACAUAAGACAAGCAGUUCAUUCAUUCCAUUUAG,-24,-21.2,-7,34.3,0.0688049,0.952452
179,292,GGGCGAAUAGAAAUGAAGGCUAGUGUCGUUGUCAUACAGAAACAGAGGAGAUAUGACAUGGACACUAGCAACCUGGCGGCAGCGCAAAAGAUGCGUAAA,GGGACUCCACGCCGACCGUGGCGUGGAGUAAAGACAACGACACUAGCCUUCAUUUCUAUUCGAUU,-29.5,-18.9,-7.8,33.3,0.0834398,4.09727
180,288,GGGCAAUUUCGUAUAUGUUCGUCUUUGCUGUUCAUACAAGAACAGAGGAGAUAUGAAAUGCAAAGACGAAACCUGGCGGCAGCGCAAAAGAUGCGUAAA,GGGCGACGAUGCCAGGUAUGGCAUCGUCGGACGAACAGCAAAGACGAACAUAUACGAAAUUGAAA,-29.9,-22.4,-6.8,27,0.121616,0.528148
181,33,GGGAUGGAAUUGAGAUGGGCUUUCGCGAGAUUGAUACAGAAACAGAGGAGAUAUCAAAUGCGCGAAAGCAACCUGGCGGCAGCGCAAAAGAUGCGUAAA,GGGUGCGGUAGUAGGUUCCUACUACCGCAAUACAAUCUCGCGAAAGCCCAUCUCAAUUCCAUACU,-24.2,-21,-12.3,42.8,0.02599,0.766126
182,269,GGGUCUUCAGCCUCCAUGUGUCAUUCUUCUCACUCUCAAGUUAUAGUUAUGAACAGAGGAGACAUAACAUGAACUUGAGAAACCAAGUUAACCUGGCGGCAGCGCAAAAG,GGGUUGAGAGUGAGAAGAAUGACACAUGGAGGCUGAAGA,-25.6,-20.8,-8.7,55.7,0.0529974,1.30374
183,287,GGGAAAUUCCCCUUGUUUCUUUUCUCUUUUUCCCAUCAUGUUAUAGUUAUGAACAGAGGAGACAUAACAUGAACAUGAUGAACCAUGUUAACCUGGCGGCAGCGCAAAAG,GGGAUGAUGGGAAAAAGAGAAAAGAAACAAGGGGAAUUU,-23.4,-18.6,-10.8,49.4,0.0287742,1.64989
184,509,GGGGCUCCCCUUCUACUGAUCUCCACAUGAUGUUUUCCAGUUAUAGUUAUGAACAGAGGAGACAUAACAUGAACUGGAAAAACCCAGUUAACCUGGCGGCAGCGCAAAAG,GGGUGGAAAACAUCAUGUGGAGAUCAGUAGAAGGGGAGC,-28.4,-23.6,-11.1,55.7,0.0771727,1.73507
185,191,GGGAACUUCUUUAUUAUUUCCAUAGCCUCUUUUUUCCCCGUUAUAGUUAUGAACAGAGGAGACAUAACAUGAACGGGGAAAACCCCGUUAACCUGGCGGCAGCGCAAAAG,GGGGGGGAAAAAAGAGGCUAUGGAAAUAAUAAAGAAGUU,-27.7,-22.9,-15.3,52.4,0.0131841,1.59986
186,234,GGGAGGGUGGCUUCGGCUCUUGGUGAAUUGGGCGUUAUCGUUAUAGUUAUGAACAGAGGAGACAUAACAUGAACGAUAACAACAUCGUUAACCUGGCGGCAGCGCAAAAG,GGGGAUAACGCCCAAUUCACCAAGAGCCGAAGCCACCCU,-27.5,-22.7,-8.3,57.9,0.00832061,1.65178
187,367,GGGCUUCCACUGCAGUCUUCCACUCUUUUUCCUCUUCAAGUUAUAGUUAUGAACAGAGGAGACAUAACAUGAACUUGAAGAACCAAGUUAACCUGGCGGCAGCGCAAAAG,GGGUUGAAGAGGAAAAAGAGUGGAAGACUGCAGUGGAAG,-25.7,-20.9,-8.7,54.5,0.0708747,1.49358
188,240,GGGCUGGGAUCAAGUACAUGUAGUGCGCCACGAGCAAAAGUUAUAGUUAUGAACAGAGGAGACAUAACAUGAACUUUUGCAACAAAGUUAACCUGGCGGCAGCGCAAAAG,GGGUUUUGCUCGUGGCGCACUACAUGUACUUGAUCCCAG,-26.4,-21.6,-7.2,47.7,0.0354325,1.62258
189,273,GGGACUAUUAGGGUCAGGGGUGUUAAUUGUGAGUAGCAAGUUAUAGUUAUGAACAGAGGAGACAUAACAUGAACUUGCUAAACCAAGUUAACCUGGCGGCAGCGCAAAAG,GGGUUGCUACUCACAAUUAACACCCCUGACCCUAAUAGU,-29.1,-24.3,-7.9,48.6,0.0748453,1.43598
190,231,GGGCAUCGCCAUUAAGGAGUAGUUGUUGUAUGAGGUGGUGUUAUAGUUAUGAACAGAGGAGACAUAACAUGAACACCACCAACGGUGUUAACCUGGCGGCAGCGCAAAAG,GGGACCACCUCAUACAACAACUACUCCUUAAUGGCGAUG,-33.9,-29.1,-11.2,47.8,0.0678363,1.45004
191,585,GGGCACUGCCAUUGAUGUGCUUAUGAUGAUCUUUGUGGUGUUAUAGUUAUGAACAGAGGAGACAUAACAUGAACACCACAAACGGUGUUAACCUGGCGGCAGCGCAAAAG,GGGACCACAAAGAUCAUCAUAAGCACAUCAAUGGCAGUG,-34.3,-29.5,-11.2,46.8,0.0345176,1.2748
192,139,GGGCCCACUCUUGAUGUUUUGUUUUCUGGAACUCUGUCUGUUAUAGUUAUGAACAGAGGAGACAUAACAUGAACAGACAGAACUCUGUUAACCUGGCGGCAGCGCAAAAG,GGGAGACAGAGUUCCAGAAAACAAAACAUCAAGAGUGGG,-26.2,-21.4,-10.9,53.5,0.0130615,2.43197
193,476,GGGAUCUUUAGCCCGGAACGACAGUGGGGGCAUUGUGCAGUUAUAGUUAUGAACAGAGGAGACAUAACAUGAACUGCACAAACGCAGUUAACCUGGCGGCAGCGCAAAAG,GGGUGCACAAUGCCCCCACUGUCGUUCCGGGCUAAAGAU,-32.1,-27.3,-11.2,51.2,0.0586495,1.82972
194,239,GGGUGCUUCUUUGUUGUUCCAGUGUGGAGUUCCGGUGUCGUUAUAGUUAUGAACAGAGGAGACAUAACAUGAACGACACCAACGUCGUUAACCUGGCGGCAGCGCAAAAG,GGGGACACCGGAACUCCACACUGGAACAACAAAGAAGCA,-33.2,-28.4,-10.6,50.4,0.0180387,1.63502
195,555,GGGACUCCAAAAGCCGCUCCUCUUUUCCCAGCGGCAAACGUUAUAGUUAUGAACAGAGGAGACAUAACAUGAACGUUUGCAACAACGUUAACCUGGCGGCAGCGCAAAAG,GGGGUUUGCCGCUGGGAAAAGAGGAGCGGCUUUUGGAGU,-28.2,-23.4,-7.7,49.6,0.0666137,1.09064
196,405,GGGACUCUUUUCUCUCCGUGUCUGGUCCACACUUCUGCCGUUAUAGUUAUGAACAGAGGAGACAUAACAUGAACGGCAGAAACGCCGUUAACCUGGCGGCAGCGCAAAAG,GGGGGCAGAAGUGUGGACCAGACACGGAGAGAAAAGAGU,-33.6,-28.8,-12.7,55.7,0.0131328,1.25641
197,313,GGGGGACUUUGGCCAUUCACAUGUUUUCAUCUCGAUCAGGUUAUAGUUAUGAACAGAGGAGACAUAACAUGAACCUGAUCAACCAGGUUAACCUGGCGGCAGCGCAAAAG,GGGCUGAUCGAGAUGAAAACAUGUGAAUGGCCAAAGUCC,-30.8,-26,-11.1,49,0.0923973,3.44743
198,551,GGGUUGGUUGUCCUGGGGAGAUCUUUGCUUUUCUGGCUCGUUAUAGUUAUGAACAGAGGAGACAUAACAUGAACGAGCCAAACCUCGUUAACCUGGCGGCAGCGCAAAAG,GGGGAGCCAGAAAAGCAAAGAUCUCCCCAGGACAACCAA,-34.2,-29.4,-9.7,43.8,0.0740981,1.5428
199,559,GGGAAUGAGUUGCACCACUAGGUUGGUAAAUGUGUUAAGGUUAUAGUUAUGAACAGAGGAGACAUAACAUGAACCUUAACAACAAGGUUAACCUGGCGGCAGCGCAAAAG,GGGCUUAACACAUUUACCAACCUAGUGGUGCAACUCAUU,-34.6,-29.8,-8.7,38.8,0.0163789,1.39001
200,360,GGGCUUCAACGUCGUUAUAGACGAACACCCCUGUACCGCGUUAUAGUUAUGAACAGAGGAGACAUAACAUGAACGCGGUAAACCGCGUUAACCUGGCGGCAGCGCAAAAG,GGGGCGGUACAGGGGUGUUCGUCUAUAACGACGUUGAAG,-33.6,-28.8,-14.5,50.4,0.0524522,0.607384
201,529,GGGCCACAAGUCUUGCAUCUCUAGAACUUCCUCAGCCUCGUUAUAGUUAUGAACAGAGGAGACAUAACAUGAACGAGGCUAACCUCGUUAACCUGGCGGCAGCGCAAAAG,GGGGAGGCUGAGGAAGUUCUAGAGAUGCAAGACUUGUGG,-26,-21.2,-13.2,63.2,0.0211731,1.67558
202,428,GGGAUUCCUCAAACCGAAUUUCAAGCUCUUCACUGUGCCGUUAUAGUUAUGAACAGAGGAGACAUAACAUGAACGGCACAAACGCCGUUAACCUGGCGGCAGCGCAAAAG,GGGGGCACAGUGAAGAGCUUGAAAUUCGGUUUGAGGAAU,-33.5,-28.7,-12.7,49.6,0.0625054,0.990583
203,542,GGGUAUGGUUGCCCCCUCCUCUCUCCUUCCCAUUAGAUGGUUAUAGUUAUGAACAGAGGAGACAUAACAUGAACCAUCUAAACAUGGUUAACCUGGCGGCAGCGCAAAAG,GGGCAUCUAAUGGGAAGGAGAGAGGAGGGGGCAACCAUA,-30.3,-25.5,-9,57.1,0.0797288,0.814263
204,288,GGGAUCAUUCAAGAACCUGAGGGCAUGUGCAAACCUAUCGUUAUAGUUAUGAACAGAGGAGACAUAACAUGAACGAUAGGAACAUCGUUAACCUGGCGGCAGCGCAAAAG,GGGGAUAGGUUUGCACAUGCCCUCAGGUUCUUGAAUGAU,-26.8,-22,-8.3,50.3,0.035846,1.44436
205,237,GGGUCUUCAGCCUCCAUGUGUCAUUCUUCUCACUCUCAAGGACUUUAGAACAGAGGAGAUAAAGAUGUUGAGAGUGAGUAACCUGGCGGCAGCGCAAAAG,GGGUUGAGAGUGAGAAGAAUGACACAUGGAGGCUGAAGA,-29.6,-26.6,-6,46.2,0.0997144,2.23591
206,369,GGGAAAUUCCCCUUGUUUCUUUUCUCUUUUUCCCAUCAUGGACUUUAGAACAGAGGAGAUAAAGAUGAUGAUGGGAAAAAACCUGGCGGCAGCGCAAAAG,GGGAUGAUGGGAAAAAGAGAAAAGAAACAAGGGGAAUUU,-28.1,-25,-5.2,37.2,0.0532788,1.13986
207,257,GGGUUUCGCUCUAUUCUCAUCAGUUUCAUGUCCUGUGUCGGACUUUAGAACAGAGGAGAUAAAGAUGGACACAGGACACAACCUGGCGGCAGCGCAAAAG,GGGGACACAGGACAUGAAACUGAUGAGAAUAGAGCGAAA,-29.6,-26.3,-8.6,44.4,0.0340854,1.60608
208,394,GGGGCUCCCCUUCUACUGAUCUCCACAUGAUGUUUUCCAGGACUUUAGAACAGAGGAGAUAAAGAUGUGGAAAACAUCAAACCUGGCGGCAGCGCAAAAG,GGGUGGAAAACAUCAUGUGGAGAUCAGUAGAAGGGGAGC,-28.9,-25.8,-8.9,49.6,0.155702,1.01303
209,595,GGGAACUUCUUUAUUAUUUCCAUAGCCUCUUUUUUCCCCGGACUUUAGAACAGAGGAGAUAAAGAUGGGGGAAAAAAGAAACCUGGCGGCAGCGCAAAAG,GGGGGGGAAAAAAGAGGCUAUGGAAAUAAUAAAGAAGUU,-27,-23.7,-5.4,38.9,0.0488037,1.54199
210,507,GGGAGGGUGGCUUCGGCUCUUGGUGAAUUGGGCGUUAUCGGACUUUAGAACAGAGGAGAUAAAGAUGGAUAACGCCCAUAACCUGGCGGCAGCGCAAAAG,GGGGAUAACGCCCAAUUCACCAAGAGCCGAAGCCACCCU,-34.9,-31.6,-6.6,45.8,0.0937868,1.5593
211,436,GGGCUUCCACUGCAGUCUUCCACUCUUUUUCCUCUUCAAGGACUUUAGAACAGAGGAGAUAAAGAUGUUGAAGAGGAAAAACCUGGCGGCAGCGCAAAAG,GGGUUGAAGAGGAAAAAGAGUGGAAGACUGCAGUGGAAG,-28.8,-25.8,-5.6,46.2,0.0233122,1.72182
212,350,GGGCUGGGAUCAAGUACAUGUAGUGCGCCACGAGCAAAAGGACUUUAGAACAGAGGAGAUAAAGAUGUUUUGCUCGUGUAACCUGGCGGCAGCGCAAAAG,GGGUUUUGCUCGUGGCGCACUACAUGUACUUGAUCCCAG,-29.2,-26.2,-9.5,43.2,0.0775969,1.37351
213,589,GGGACUAUUAGGGUCAGGGGUGUUAAUUGUGAGUAGCAAGGACUUUAGAACAGAGGAGAUAAAGAUGUUGCUACUCACUAACCUGGCGGCAGCGCAAAAG,GGGUUGCUACUCACAAUUAACACCCCUGACCCUAAUAGU,-29.5,-26.5,-7.5,41.3,0.11301,4.01128
214,451,GGGCAUCGCCAUUAAGGAGUAGUUGUUGUAUGAGGUGGUGGACUUUAGAACAGAGGAGAUAAAGAUGACCACCUCAUAUAACCUGGCGGCAGCGCAAAAG,GGGACCACCUCAUACAACAACUACUCCUUAAUGGCGAUG,-36.5,-33.4,-7.3,36.8,0.151429,1.01708
215,272,GGGCACUGCCAUUGAUGUGCUUAUGAUGAUCUUUGUGGUGGACUUUAGAACAGAGGAGAUAAAGAUGACCACAAAGAUAAACCUGGCGGCAGCGCAAAAG,GGGACCACAAAGAUCAUCAUAAGCACAUCAAUGGCAGUG,-31.3,-28.2,-4.1,38.7,0.226243,0.804798
216,212,GGGCCCACUCUUGAUGUUUUGUUUUCUGGAACUCUGUCUGGACUUUAGAACAGAGGAGAUAAAGAUGAGACAGAGUUCCAACCUGGCGGCAGCGCAAAAG,GGGAGACAGAGUUCCAGAAAACAAAACAUCAAGAGUGGG,-30.7,-27.6,-6.8,39.2,0.0524692,2.92226
217,463,GGGAUCUUUAGCCCGGAACGACAGUGGGGGCAUUGUGCAGGACUUUAGAACAGAGGAGAUAAAGAUGUGCACAAUGCCGAACCUGGCGGCAGCGCAAAAG,GGGUGCACAAUGCCCCCACUGUCGUUCCGGGCUAAAGAU,-33.7,-30.6,-12.1,45.9,0.128927,1.8492
218,464,GGGUGCUUCUUUGUUGUUCCAGUGUGGAGUUCCGGUGUCGGACUUUAGAACAGAGGAGAUAAAGAUGGACACCGGAACAAACCUGGCGGCAGCGCAAAAG,GGGGACACCGGAACUCCACACUGGAACAACAAAGAAGCA,-37.5,-34.2,-5.3,35.9,0.0585054,1.08821
219,561,GGGACUCCAAAAGCCGCUCCUCUUUUCCCAGCGGCAAACGGACUUUAGAACAGAGGAGAUAAAGAUGGUUUGCCGCUGCAACCUGGCGGCAGCGCAAAAG,GGGGUUUGCCGCUGGGAAAAGAGGAGCGGCUUUUGGAGU,-32.9,-29.6,-13.2,46.1,0.0622602,1.81188
220,490,GGGACUCUUUUCUCUCCGUGUCUGGUCCACACUUCUGCCGGACUUUAGAACAGAGGAGAUAAAGAUGGGCAGAAGUGUAAACCUGGCGGCAGCGCAAAAG,GGGGGCAGAAGUGUGGACCAGACACGGAGAGAAAAGAGU,-35.3,-32,-4.8,44.3,0.185516,1.21288
221,598,GGGGGACUUUGGCCAUUCACAUGUUUUCAUCUCGAUCAGGGACUUUAGAACAGAGGAGAUAAAGAUGCUGAUCGAGAUGAACCUGGCGGCAGCGCAAAAG,GGGCUGAUCGAGAUGAAAACAUGUGAAUGGCCAAAGUCC,-31.6,-28.3,-8,35.5,0.0463199,2.00091
222,501,GGGUUGGUUGUCCUGGGGAGAUCUUUGCUUUUCUGGCUCGGACUUUAGAACAGAGGAGAUAAAGAUGGAGCCAGAAAAGAACCUGGCGGCAGCGCAAAAG,GGGGAGCCAGAAAAGCAAAGAUCUCCCCAGGACAACCAA,-36.6,-33.3,-9.6,37,0.188228,1.05549
223,512,GGGAAUGAGUUGCACCACUAGGUUGGUAAAUGUGUUAAGGGACUUUAGAACAGAGGAGAUAAAGAUGCUUAACACAUUGAACCUGGCGGCAGCGCAAAAG,GGGCUUAACACAUUUACCAACCUAGUGGUGCAACUCAUU,-30.9,-27.6,-4.9,34.1,0.0338954,1.03304
224,489,GGGCUUCAACGUCGUUAUAGACGAACACCCCUGUACCGCGGACUUUAGAACAGAGGAGAUAAAGAUGGCGGUACAGGGAAACCUGGCGGCAGCGCAAAAG,GGGGCGGUACAGGGGUGUUCGUCUAUAACGACGUUGAAG,-35.3,-32,-10.8,40.7,0.0560898,1.145
225,395,GGGCCACAAGUCUUGCAUCUCUAGAACUUCCUCAGCCUCGGACUUUAGAACAGAGGAGAUAAAGAUGGAGGCUGAGGACAACCUGGCGGCAGCGCAAAAG,GGGGAGGCUGAGGAAGUUCUAGAGAUGCAAGACUUGUGG,-32.8,-29.5,-7.1,46,0.0648648,1.42814
226,262,GGGAUUCCUCAAACCGAAUUUCAAGCUCUUCACUGUGCCGGACUUUAGAACAGAGGAGAUAAAGAUGGGCACAGUGAAAAACCUGGCGGCAGCGCAAAAG,GGGGGCACAGUGAAGAGCUUGAAAUUCGGUUUGAGGAAU,-31.3,-28,-5.5,39.9,0.168659,0.971112
227,152,GGGUAUGGUUGCCCCCUCCUCUCUCCUUCCCAUUAGAUGGGACUUUAGAACAGAGGAGAUAAAGAUGCAUCUAAUGGGAAACCUGGCGGCAGCGCAAAAG,GGGCAUCUAAUGGGAAGGAGAGAGGAGGGGGCAACCAUA,-33,-29.7,-6.2,47.5,0.0679589,1.03007
228,107,GGGAUCAUUCAAGAACCUGAGGGCAUGUGCAAACCUAUCGGACUUUAGAACAGAGGAGAUAAAGAUGGAUAGGUUUGCUAACCUGGCGGCAGCGCAAAAG,GGGGAUAGGUUUGCACAUGCCCUCAGGUUCUUGAAUGAU,-29.1,-25.8,-8.7,44.1,0.126303,1.53225